,AnnualizedReturn,AnnualizedVolatility,Sharpe
EqualWeight,0.14298232565587424,0.23037671800387724,0.6206457271149589
OptimalSharpe,0.10372723983750158,0.14220836683203963,0.729403214088046
